{"cameraMode":{"drawMode":0,"name":"Shaded","section":"Shading Mode"},"sceneLighting":true,"audioPlay":false,"sceneViewState":{"showFog":true,"showMaterialUpdate":false,"showSkybox":true,"showFlares":true,"showImageEffects":true,"showParticleSystems":true},"in2DMode":false,"pivot":{"x":-14.519721031188965,"y":37.50696563720703,"z":3.197096586227417},"rotation":{"x":-0.2805231213569641,"y":-0.6937440633773804,"z":-0.34256672859191897,"w":0.5680316686630249},"size":21.99542999267578,"orthographic":false}