{"cameraMode":{"drawMode":0,"name":"Shaded","section":"Shading Mode"},"sceneLighting":false,"audioPlay":false,"sceneViewState":{"showFog":true,"showMaterialUpdate":false,"showSkybox":false,"showFlares":true,"showImageEffects":true,"showParticleSystems":true},"in2DMode":false,"pivot":{"x":467.74481201171877,"y":329.99652099609377,"z":611.0147094726563},"rotation":{"x":0.0022645536810159685,"y":0.9818848967552185,"z":-0.011784839443862439,"w":0.18929928541183473},"size":2.978302478790283,"orthographic":false}