{"cameraMode":{"drawMode":0,"name":"Shaded","section":"Shading Mode"},"sceneLighting":false,"audioPlay":false,"sceneViewState":{"showFog":true,"showMaterialUpdate":false,"showSkybox":false,"showFlares":true,"showImageEffects":true,"showParticleSystems":true},"in2DMode":false,"pivot":{"x":-217.82199096679688,"y":-25.96617317199707,"z":-71.93904113769531},"rotation":{"x":-0.030840976163744928,"y":0.8083367943763733,"z":-0.04245879501104355,"w":-0.5864053964614868},"size":953.162841796875,"orthographic":false}