{"cameraMode":{"drawMode":0,"name":"Shaded","section":"Shading Mode"},"sceneLighting":false,"audioPlay":false,"sceneViewState":{"showFog":true,"showMaterialUpdate":false,"showSkybox":false,"showFlares":true,"showImageEffects":true,"showParticleSystems":true},"in2DMode":false,"pivot":{"x":-0.008008837699890137,"y":1.3010785579681397,"z":0.6174315214157105},"rotation":{"x":0.03422965109348297,"y":-0.9523629546165466,"z":0.11658480763435364,"w":0.27964746952056887},"size":2.2873475551605226,"orthographic":false}