{"cameraMode":{"drawMode":0,"name":"Shaded","section":"Shading Mode"},"sceneLighting":false,"audioPlay":false,"sceneViewState":{"showFog":true,"showMaterialUpdate":false,"showSkybox":false,"showFlares":true,"showImageEffects":true,"showParticleSystems":true},"in2DMode":false,"pivot":{"x":0.01921367645263672,"y":-0.03853902593255043,"z":-0.34138980507850649},"rotation":{"x":-0.014012971892952919,"y":0.870650589466095,"z":-0.024814944714307786,"w":-0.4911304712295532},"size":0.97017902135849,"orthographic":false}