{"cameraMode":{"drawMode":0,"name":"Shaded","section":"Shading Mode"},"sceneLighting":false,"audioPlay":false,"sceneViewState":{"showFog":true,"showMaterialUpdate":false,"showSkybox":false,"showFlares":true,"showImageEffects":true,"showParticleSystems":true},"in2DMode":false,"pivot":{"x":957.0125122070313,"y":532.70263671875,"z":3.1500000953674318},"rotation":{"x":0.2840476930141449,"y":-0.3176421523094177,"z":0.10034523159265518,"w":0.8990975022315979},"size":1107.65673828125,"orthographic":false}