{"cameraMode":{"drawMode":0,"name":"Shaded","section":"Shading Mode"},"sceneLighting":false,"audioPlay":false,"sceneViewState":{"showFog":true,"showMaterialUpdate":false,"showSkybox":false,"showFlares":true,"showImageEffects":true,"showParticleSystems":true},"in2DMode":false,"pivot":{"x":-8.216419219970704,"y":2.077855348587036,"z":7.189067840576172},"rotation":{"x":-0.012443608604371548,"y":0.7779213190078735,"z":-0.015411780215799809,"w":-0.6280458569526672},"size":0.05337929725646973,"orthographic":false}