{"cameraMode":{"drawMode":0,"name":"Shaded","section":"Shading Mode"},"sceneLighting":false,"audioPlay":false,"sceneViewState":{"showFog":true,"showMaterialUpdate":false,"showSkybox":false,"showFlares":true,"showImageEffects":true,"showParticleSystems":true},"in2DMode":false,"pivot":{"x":-1.070000171661377,"y":1.6513524055480958,"z":2.2431111335754396},"rotation":{"x":-0.0010651489719748498,"y":0.9751805663108826,"z":-0.004690086469054222,"w":-0.22134794294834138},"size":0.45140498876571658,"orthographic":false}